-- phpMyAdmin SQL Dump
-- version 3.4.11.1
-- http://www.phpmyadmin.net
--
-- Host: mysql3000.mochahost.com
-- Generation Time: Mar 28, 2016 at 10:16 AM
-- Server version: 5.5.45
-- PHP Version: 5.4.31

SET SQL_MODE="NO_AUTO_VALUE_ON_ZERO";
SET time_zone = "+00:00";


/*!40101 SET @OLD_CHARACTER_SET_CLIENT=@@CHARACTER_SET_CLIENT */;
/*!40101 SET @OLD_CHARACTER_SET_RESULTS=@@CHARACTER_SET_RESULTS */;
/*!40101 SET @OLD_COLLATION_CONNECTION=@@COLLATION_CONNECTION */;
/*!40101 SET NAMES utf8 */;

--
-- Database: `gadfort_lastmilemcrm`
--

-- --------------------------------------------------------

--
-- Table structure for table `CLIENT_APPOINTMENTS`
--

CREATE TABLE IF NOT EXISTS `CLIENT_APPOINTMENTS` (
  `CREATED_BY` varchar(60) NOT NULL DEFAULT '-1',
  `CREATED_DATE` date NOT NULL DEFAULT '0000-00-00',
  `LAST_UPDATE_BY` varchar(60) NOT NULL DEFAULT '-1',
  `LAST_UPDATE_DATE` timestamp NOT NULL DEFAULT CURRENT_TIMESTAMP ON UPDATE CURRENT_TIMESTAMP,
  `ID` int(10) NOT NULL AUTO_INCREMENT,
  `CLIENT_ID` int(10) NOT NULL,
  `EMPLOYEE_ID` int(10) NOT NULL,
  `VISIT_PURPOSE_ID` int(10) DEFAULT NULL,
  `APPT_DATETIME` timestamp NOT NULL DEFAULT '0000-00-00 00:00:00',
  PRIMARY KEY (`ID`),
  KEY `XFK_APPT_CLIENT_ID` (`CLIENT_ID`),
  KEY `XFK_APPT_EMP_ID` (`EMPLOYEE_ID`),
  KEY `XFK_APPT_PURPOSE_ID` (`VISIT_PURPOSE_ID`)
) ENGINE=InnoDB  DEFAULT CHARSET=latin1 AUTO_INCREMENT=8 ;

--
-- Dumping data for table `CLIENT_APPOINTMENTS`
--

INSERT INTO `CLIENT_APPOINTMENTS` (`CREATED_BY`, `CREATED_DATE`, `LAST_UPDATE_BY`, `LAST_UPDATE_DATE`, `ID`, `CLIENT_ID`, `EMPLOYEE_ID`, `VISIT_PURPOSE_ID`, `APPT_DATETIME`) VALUES
('-1', '2014-12-16', '-1', '2014-12-17 05:57:42', 1, 2, 2, 2, '0000-00-00 00:00:00'),
('-1', '2014-12-17', '-1', '2014-12-18 10:26:31', 3, 3, 2, 4, '2014-12-18 14:00:00'),
('-1', '2014-12-18', '-1', '2014-12-19 09:14:55', 4, 6, 20, 5, '2014-12-19 09:14:00'),
('-1', '2014-12-19', '-1', '2014-12-19 18:53:28', 5, 6, 2, 4, '2014-12-09 06:25:00'),
('-1', '2014-12-22', '-1', '2014-12-22 06:07:58', 6, 6, 21, 3, '2014-12-24 17:30:00'),
('-1', '2015-04-04', '-1', '2015-04-04 06:10:08', 7, 3, 21, 6, '2014-12-03 22:14:00');

-- --------------------------------------------------------

--
-- Table structure for table `CLIENT_CATEGORY`
--

CREATE TABLE IF NOT EXISTS `CLIENT_CATEGORY` (
  `CREATED_BY` varchar(60) NOT NULL DEFAULT '-1',
  `CREATED_DATE` date NOT NULL DEFAULT '0000-00-00',
  `LAST_UPDATE_BY` varchar(60) NOT NULL DEFAULT '-1',
  `LAST_UPDATE_DATE` timestamp NOT NULL DEFAULT CURRENT_TIMESTAMP ON UPDATE CURRENT_TIMESTAMP,
  `ID` int(10) NOT NULL AUTO_INCREMENT,
  `CLIENT_CATEGORY` varchar(60) NOT NULL,
  `DESCRIPTION` varchar(240) DEFAULT NULL,
  PRIMARY KEY (`ID`)
) ENGINE=InnoDB  DEFAULT CHARSET=latin1 AUTO_INCREMENT=7 ;

--
-- Dumping data for table `CLIENT_CATEGORY`
--

INSERT INTO `CLIENT_CATEGORY` (`CREATED_BY`, `CREATED_DATE`, `LAST_UPDATE_BY`, `LAST_UPDATE_DATE`, `ID`, `CLIENT_CATEGORY`, `DESCRIPTION`) VALUES
('-1', '2015-04-17', '-1', '2015-04-17 11:20:31', 3, 'HOME', 'FACTORY SITE'),
('-1', '2015-04-17', '-1', '2015-04-17 11:20:19', 4, 'BUYER', 'END CLIENTS'),
('-1', '2014-12-18', '-1', '2014-12-19 09:07:51', 5, 'RETAIL CHAIN', 'RETAIL CHAIN');

-- --------------------------------------------------------

--
-- Table structure for table `CLIENT_CLASS`
--

CREATE TABLE IF NOT EXISTS `CLIENT_CLASS` (
  `CREATED_BY` varchar(60) NOT NULL DEFAULT '-1',
  `CREATED_DATE` date NOT NULL DEFAULT '0000-00-00',
  `LAST_UPDATE_BY` varchar(60) NOT NULL DEFAULT '-1',
  `LAST_UPDATE_DATE` timestamp NOT NULL DEFAULT CURRENT_TIMESTAMP ON UPDATE CURRENT_TIMESTAMP,
  `ID` int(10) NOT NULL AUTO_INCREMENT,
  `CLIENT_CLASS` varchar(60) NOT NULL,
  `DESCRIPTION` varchar(240) DEFAULT NULL,
  PRIMARY KEY (`ID`)
) ENGINE=InnoDB  DEFAULT CHARSET=latin1 AUTO_INCREMENT=5 ;

--
-- Dumping data for table `CLIENT_CLASS`
--

INSERT INTO `CLIENT_CLASS` (`CREATED_BY`, `CREATED_DATE`, `LAST_UPDATE_BY`, `LAST_UPDATE_DATE`, `ID`, `CLIENT_CLASS`, `DESCRIPTION`) VALUES
('-1', '2014-12-13', '-1', '2014-12-14 04:29:54', 2, '3R', 'FACTORY SITE'),
('-1', '2014-12-17', '-1', '2014-12-18 10:10:00', 3, 'H1', 'HIGH VOLUME'),
('-1', '2014-12-18', '-1', '2014-12-19 09:08:31', 4, 'H2', 'MEDIUM HIGH VOLUME ');

-- --------------------------------------------------------

--
-- Table structure for table `CLIENT_CLASSIFICATION`
--

CREATE TABLE IF NOT EXISTS `CLIENT_CLASSIFICATION` (
  `CREATED_BY` varchar(60) NOT NULL DEFAULT '-1',
  `CREATED_DATE` date NOT NULL DEFAULT '0000-00-00',
  `LAST_UPDATE_BY` varchar(60) NOT NULL DEFAULT '-1',
  `LAST_UPDATE_DATE` timestamp NOT NULL DEFAULT CURRENT_TIMESTAMP ON UPDATE CURRENT_TIMESTAMP,
  `ID` int(10) NOT NULL AUTO_INCREMENT,
  `CLIENT_CATEGORY_ID` int(10) NOT NULL,
  `CLIENT_CATEGORY` varchar(60) DEFAULT NULL,
  `CLIENT_CLASS_ID` int(10) NOT NULL,
  `CLIENT_CLASS` varchar(60) DEFAULT NULL,
  `DESCRIPTION` varchar(240) DEFAULT NULL,
  PRIMARY KEY (`ID`),
  KEY `XFK_CLIENT_CAT_ID` (`CLIENT_CATEGORY_ID`),
  KEY `XFK_CLIENT_CLASS_ID` (`CLIENT_CLASS_ID`)
) ENGINE=InnoDB  DEFAULT CHARSET=latin1 AUTO_INCREMENT=5 ;

--
-- Dumping data for table `CLIENT_CLASSIFICATION`
--

INSERT INTO `CLIENT_CLASSIFICATION` (`CREATED_BY`, `CREATED_DATE`, `LAST_UPDATE_BY`, `LAST_UPDATE_DATE`, `ID`, `CLIENT_CATEGORY_ID`, `CLIENT_CATEGORY`, `CLIENT_CLASS_ID`, `CLIENT_CLASS`, `DESCRIPTION`) VALUES
('-1', '2014-12-13', '-1', '2014-12-14 04:31:45', 1, 3, NULL, 2, NULL, 'NEGOTIATIONS'),
('-1', '2014-12-17', '-1', '2014-12-18 10:10:49', 2, 4, NULL, 3, NULL, 'HIGH VOLUME BUYER'),
('-1', '2014-12-18', '-1', '2014-12-19 09:09:07', 3, 5, NULL, 3, NULL, 'HIGH VOLUME RETAIL CHAIN'),
('-1', '2014-12-18', '-1', '2014-12-19 09:09:36', 4, 5, NULL, 4, NULL, 'MEDIUM HIGH VOLUME RETAILER');

-- --------------------------------------------------------

--
-- Table structure for table `CLIENT_DETAILS`
--

CREATE TABLE IF NOT EXISTS `CLIENT_DETAILS` (
  `CREATED_BY` varchar(60) NOT NULL DEFAULT '-1',
  `CREATED_DATE` date NOT NULL DEFAULT '0000-00-00',
  `LAST_UPDATE_BY` varchar(60) NOT NULL DEFAULT '-1',
  `LAST_UPDATE_DATE` timestamp NOT NULL DEFAULT CURRENT_TIMESTAMP ON UPDATE CURRENT_TIMESTAMP,
  `ID` int(10) NOT NULL AUTO_INCREMENT,
  `CLIENT_CODE` varchar(10) NOT NULL,
  `CLIENT_NAME` varchar(240) NOT NULL,
  `CLIENT_EMAIL_ID` varchar(240) NOT NULL,
  `CLIENT_CLASSIFICATION_ID` int(10) NOT NULL,
  `CLIENT_LOC` varchar(240) NOT NULL,
  `CLIENT_LOC_LNG` double(10,6) DEFAULT NULL,
  `CLIENT_LOC_LAT` double(10,6) DEFAULT NULL,
  `SWLAT` double(10,6) NOT NULL,
  `SWLNG` double(10,6) NOT NULL,
  `NELAT` double(10,6) NOT NULL,
  `NELNG` double(10,6) NOT NULL,
  `MAXLAT` double(10,6) NOT NULL,
  `MINLAT` double(10,6) NOT NULL,
  `MAXLON` double(10,6) NOT NULL,
  `MINLON` double(10,6) NOT NULL,
  `RANGE_IN_MTS` int(10) NOT NULL,
  `VISIT_SCH_PERIOD_ID` int(10) NOT NULL,
  `VISIT_COUNT` int(2) NOT NULL,
  PRIMARY KEY (`ID`),
  KEY `XFK_CLIENT_CLASFN_ID` (`CLIENT_CLASSIFICATION_ID`),
  KEY `XFK_VISIT_SCH_PERIOD_ID` (`VISIT_SCH_PERIOD_ID`)
) ENGINE=InnoDB  DEFAULT CHARSET=latin1 AUTO_INCREMENT=7 ;

--
-- Dumping data for table `CLIENT_DETAILS`
--

INSERT INTO `CLIENT_DETAILS` (`CREATED_BY`, `CREATED_DATE`, `LAST_UPDATE_BY`, `LAST_UPDATE_DATE`, `ID`, `CLIENT_CODE`, `CLIENT_NAME`, `CLIENT_EMAIL_ID`, `CLIENT_CLASSIFICATION_ID`, `CLIENT_LOC`, `CLIENT_LOC_LNG`, `CLIENT_LOC_LAT`, `SWLAT`, `SWLNG`, `NELAT`, `NELNG`, `MAXLAT`, `MINLAT`, `MAXLON`, `MINLON`, `RANGE_IN_MTS`, `VISIT_SCH_PERIOD_ID`, `VISIT_COUNT`) VALUES
('-1', '2014-12-16', '-1', '2014-12-17 05:43:43', 2, '121', 'ARUN', '', 1, 'THANJAVUR', 10.254790, 17.253655, 17.253455, 10.254590, 17.253855, 10.254990, 17.253763, 17.253547, 10.254903, 10.254677, 12, 2, 2),
('-1', '2014-12-17', '-1', '2014-12-18 10:24:05', 3, 'LP-TRU', 'LOUI PHILLIP', '', 2, 'TIRUPPUR', 23.232357, 10.774680, 10.774480, 23.232157, 10.774880, 23.232557, 10.776479, 10.772881, 23.234188, 23.230526, 200, 4, 1),
('-1', '2014-12-18', '-1', '2014-12-19 09:10:50', 4, 'FM', 'FORUM MALL', '', 3, 'MADIWALA, BANGALORE', 78.683288, 10.774674, 10.774474, 78.683088, 10.774874, 78.683488, 10.776473, 10.772875, 78.685119, 78.681457, 200, 4, 2),
('-1', '2014-12-18', '-1', '2014-12-19 09:12:07', 5, 'MM', 'MEGA MART', '', 4, 'MG ROAD BANGALORE', 78.681407, 10.775976, 10.775776, 78.681207, 10.776176, 78.681607, 10.776875, 10.775077, 78.682322, 78.680492, 100, 5, 2),
('-1', '2014-12-18', '-1', '2014-12-19 09:12:57', 6, 'PE', 'PETER ENGLAND', '', 2, 'HOSUR', 0.000000, 0.000000, -0.000200, -0.000200, 0.000200, 0.000200, 0.000000, 0.000000, 0.000000, 0.000000, 0, 4, 1);

-- --------------------------------------------------------

--
-- Table structure for table `CUSTOMER_ISSUES`
--

CREATE TABLE IF NOT EXISTS `CUSTOMER_ISSUES` (
  `CREATED_BY` varchar(60) NOT NULL DEFAULT '-1',
  `CREATED_DATE` date NOT NULL DEFAULT '0000-00-00',
  `LAST_UPDATE_BY` varchar(60) NOT NULL DEFAULT '-1',
  `LAST_UPDATE_DATE` timestamp NOT NULL DEFAULT CURRENT_TIMESTAMP ON UPDATE CURRENT_TIMESTAMP,
  `ID` int(10) NOT NULL AUTO_INCREMENT,
  `CLIENT_ID` int(10) NOT NULL,
  `ISSUE_REPORT_DATE` timestamp NOT NULL DEFAULT '0000-00-00 00:00:00',
  `ISSUE_DESCRIPTION` varchar(1000) NOT NULL,
  `ASSIGNED_EMPLOYEE_ID` int(10) DEFAULT NULL,
  `ISSUE_RESOLUTION` varchar(1000) DEFAULT NULL,
  `ISSUE_STATUS` varchar(1000) DEFAULT NULL,
  `ISSUE_CLOSE_DATE` timestamp NOT NULL DEFAULT '0000-00-00 00:00:00',
  PRIMARY KEY (`ID`),
  KEY `XFK_ISSUE_CLIENT_ID` (`CLIENT_ID`),
  KEY `XFK_ISSUE_EMP_ID` (`ASSIGNED_EMPLOYEE_ID`)
) ENGINE=InnoDB DEFAULT CHARSET=latin1 AUTO_INCREMENT=1 ;

-- --------------------------------------------------------

--
-- Table structure for table `DEPARTMENT`
--

CREATE TABLE IF NOT EXISTS `DEPARTMENT` (
  `CREATED_BY` varchar(60) NOT NULL DEFAULT '-1',
  `CREATED_DATE` date NOT NULL DEFAULT '0000-00-00',
  `LAST_UPDATE_BY` varchar(60) NOT NULL DEFAULT '-1',
  `LAST_UPDATE_DATE` timestamp NOT NULL DEFAULT CURRENT_TIMESTAMP ON UPDATE CURRENT_TIMESTAMP,
  `ID` int(10) NOT NULL AUTO_INCREMENT,
  `DEPARTMENT_NAME` varchar(60) NOT NULL,
  `DESCRIPTION` varchar(240) DEFAULT NULL,
  PRIMARY KEY (`ID`)
) ENGINE=InnoDB  DEFAULT CHARSET=latin1 AUTO_INCREMENT=5 ;

--
-- Dumping data for table `DEPARTMENT`
--

INSERT INTO `DEPARTMENT` (`CREATED_BY`, `CREATED_DATE`, `LAST_UPDATE_BY`, `LAST_UPDATE_DATE`, `ID`, `DEPARTMENT_NAME`, `DESCRIPTION`) VALUES
('-1', '2014-12-15', '-1', '2014-12-22 05:10:42', 2, 'MARKETING - SOUTH REGION', 'MARKETING DEPATMENT OF SOUTH REGION'),
('-1', '2014-12-16', '-1', '2014-12-22 05:12:21', 3, 'MARKETING - EAST REGION', 'MARKETING DEPATMENT OF EAST REGION'),
('-1', '2014-12-17', '-1', '2014-12-18 10:11:41', 4, 'MARKETING - NORTH REGION', 'MARKETING DEPATMENT OF NORTHERN REGION');

-- --------------------------------------------------------

--
-- Table structure for table `DESIGNATION`
--

CREATE TABLE IF NOT EXISTS `DESIGNATION` (
  `CREATED_BY` varchar(60) NOT NULL DEFAULT '-1',
  `CREATED_DATE` date NOT NULL DEFAULT '0000-00-00',
  `LAST_UPDATE_BY` varchar(60) NOT NULL DEFAULT '-1',
  `LAST_UPDATE_DATE` timestamp NOT NULL DEFAULT CURRENT_TIMESTAMP ON UPDATE CURRENT_TIMESTAMP,
  `ID` int(10) NOT NULL AUTO_INCREMENT,
  `DESIGNATION_NAME` varchar(60) NOT NULL,
  `DESCRIPTION` varchar(240) DEFAULT NULL,
  PRIMARY KEY (`ID`)
) ENGINE=InnoDB  DEFAULT CHARSET=latin1 AUTO_INCREMENT=10 ;

--
-- Dumping data for table `DESIGNATION`
--

INSERT INTO `DESIGNATION` (`CREATED_BY`, `CREATED_DATE`, `LAST_UPDATE_BY`, `LAST_UPDATE_DATE`, `ID`, `DESIGNATION_NAME`, `DESCRIPTION`) VALUES
('-1', '2014-12-15', '-1', '2014-12-22 05:13:28', 2, 'BDE', 'BUSINESS DEVELOPMENT EXECUTIVE'),
('-1', '2014-12-16', '-1', '2014-12-22 05:14:05', 3, 'TL', 'TEAM LEADER'),
('-1', '2014-12-17', '-1', '2014-12-18 10:12:35', 4, 'BDE-NR', 'BUSINESS DEVELOPMENT EXECUTIVE - NORTH REGION'),
('-1', '2014-12-17', '-1', '2014-12-18 10:12:53', 5, 'TL-NR', 'TEAM LEADER - NORTHERN REGION'),
('-1', '2014-12-17', '-1', '2014-12-18 10:13:20', 6, 'AM-NR', 'AREA MANAGER - NORTHERN REGION'),
('-1', '2014-12-17', '-1', '2014-12-18 10:13:38', 7, 'RM-NR', 'REGIONAL MANAGER - NORTHERN REGION'),
('-1', '2014-12-17', '-1', '2014-12-18 10:14:03', 8, 'SM-NR', 'SALES MANAGER - NORTHERN REGION'),
('-1', '2014-12-17', '-1', '2014-12-18 10:14:20', 9, 'CSM', 'COUNTRY SALES MANAGER');

-- --------------------------------------------------------

--
-- Table structure for table `EMP_DETAILS`
--

CREATE TABLE IF NOT EXISTS `EMP_DETAILS` (
  `CREATED_BY` varchar(60) NOT NULL DEFAULT '-1',
  `CREATED_DATE` date NOT NULL DEFAULT '0000-00-00',
  `LAST_UPDATE_BY` varchar(60) NOT NULL DEFAULT '-1',
  `LAST_UPDATE_DATE` timestamp NOT NULL DEFAULT CURRENT_TIMESTAMP ON UPDATE CURRENT_TIMESTAMP,
  `ID` int(10) NOT NULL AUTO_INCREMENT,
  `EMP_NAME` varchar(60) NOT NULL,
  `DESIGNATION_ID` int(10) NOT NULL,
  `DEPARTMENT_ID` int(10) NOT NULL,
  `MANAGER_DESG_ID` int(10) NOT NULL,
  `EMAIL_ID` varchar(120) NOT NULL,
  `MOBILE_NUM` bigint(15) NOT NULL,
  `SEND_EMAIL_ID1` varchar(120) NOT NULL,
  `SEND_EMAIL_ID2` varchar(120) NOT NULL,
  `SEND_EMAIL_ID3` varchar(120) NOT NULL,
  `SEND_EMAIL_ID4` varchar(120) NOT NULL,
  `SEND_EMAIL_ID5` varchar(120) NOT NULL,
  `SEND_EMAIL_ID6` varchar(120) NOT NULL,
  `DEVICE_ACTIVE_DATE` date DEFAULT '0000-00-00',
  `ACTIVE` varchar(2) NOT NULL DEFAULT 'Y',
  `LAST_CONFIG_UPLOAD_DATE` date DEFAULT NULL,
  `LAST_MOBILE_UPDATE_DATE` date DEFAULT NULL,
  PRIMARY KEY (`ID`),
  KEY `XFR_EMP_DESG_ID` (`DESIGNATION_ID`),
  KEY `XFR_EMP_DEPT_ID` (`DEPARTMENT_ID`),
  KEY `XFR_MSG_DESG_ID` (`MANAGER_DESG_ID`)
) ENGINE=InnoDB  DEFAULT CHARSET=latin1 AUTO_INCREMENT=22 ;

--
-- Dumping data for table `EMP_DETAILS`
--

INSERT INTO `EMP_DETAILS` (`CREATED_BY`, `CREATED_DATE`, `LAST_UPDATE_BY`, `LAST_UPDATE_DATE`, `ID`, `EMP_NAME`, `DESIGNATION_ID`, `DEPARTMENT_ID`, `MANAGER_DESG_ID`, `EMAIL_ID`, `MOBILE_NUM`, `SEND_EMAIL_ID1`, `SEND_EMAIL_ID2`, `SEND_EMAIL_ID3`, `SEND_EMAIL_ID4`, `SEND_EMAIL_ID5`, `SEND_EMAIL_ID6`, `DEVICE_ACTIVE_DATE`, `ACTIVE`, `LAST_CONFIG_UPLOAD_DATE`, `LAST_MOBILE_UPDATE_DATE`) VALUES
('-1', '2014-12-16', '-1', '2014-12-22 05:02:12', 2, 'ARUN', 3, 3, 3, 'arunbalu487@gmail.com', 4562342342, 'victor.a@gaddieltech.com', '', '', '', '', '', '2030-11-00', '--', NULL, NULL),
('-1', '2014-12-17', '-1', '2014-12-22 05:00:23', 17, 'RAJA', 2, 3, 2, 'arunbalu79@gmail.com', 9894514363, '', '', '', '', '', '', '0000-00-00', 'Y', NULL, NULL),
('-1', '2014-12-18', '-1', '2014-12-22 04:58:56', 19, 'PETER', 9, 4, 9, 'peter.franklin@gaddieltech.com', 9840677199, 'peterfrank01@yahoo.com', 'speterfranklin@gmail.com', 'arunbalu487@gmail.com', '', '', '', '2014-12-18', 'Y', NULL, NULL),
('-1', '2014-12-18', '-1', '2014-12-22 04:57:15', 20, 'VICTOR', 8, 4, 8, 'victor.a@gaddieltech.com', 9791755690, 'peter.franklin@gaddieltech.com', 'amuthan@yahoo.com', 'arunbalu487@gmail.com', '', '', '', '2014-12-18', 'Y', NULL, NULL),
('-1', '2014-12-21', '-1', '2015-01-10 15:29:30', 21, 'Tinku Bernard', 9, 4, 9, 'peter.franklin@gaddieltech.com', 9199456993, 'amuthan@yahoo.com', 'amuthan@yahoo.com', 'amuthan@yahoo.com', 'amuthan@yahoo.com', 'amuthan@yahoo.com', 'amuthan@yahoo.com', NULL, 'Y', NULL, NULL);

-- --------------------------------------------------------

--
-- Table structure for table `NEW_CLIENT_DETAILS`
--

CREATE TABLE IF NOT EXISTS `NEW_CLIENT_DETAILS` (
  `CREATED_BY` varchar(60) NOT NULL DEFAULT '-1',
  `CREATED_DATE` date NOT NULL DEFAULT '0000-00-00',
  `LAST_UPDATE_BY` varchar(60) NOT NULL DEFAULT '-1',
  `LAST_UPDATE_DATE` timestamp NOT NULL DEFAULT CURRENT_TIMESTAMP ON UPDATE CURRENT_TIMESTAMP,
  `ID` int(10) NOT NULL AUTO_INCREMENT,
  `CLIENT_NAME` varchar(240) NOT NULL,
  `CLIENT_CONTACT_NAME` varchar(240) NOT NULL,
  `CLIENT_CONTACT_NUMBER` varchar(20) NOT NULL,
  `CLIENT_EMAIL_ID` varchar(120) NOT NULL,
  `CLIENT_TURNOVER` varchar(240) NOT NULL,
  `CLIENT_BUSINESS_NATURE` varchar(240) NOT NULL,
  `CLIENT_LOC` varchar(240) NOT NULL,
  `CLIENT_LOC_LNG` double(10,6) DEFAULT NULL,
  `CLIENT_LOC_LAT` double(10,6) DEFAULT NULL,
  `SWLAT` double(10,6) NOT NULL,
  `SWLNG` double(10,6) NOT NULL,
  `NELAT` double(10,6) NOT NULL,
  `NELNG` double(10,6) NOT NULL,
  `MAXLAT` double(10,6) NOT NULL,
  `MINLAT` double(10,6) NOT NULL,
  `MAXLON` double(10,6) NOT NULL,
  `MINLON` double(10,6) NOT NULL,
  `RANGE_IN_MTS` int(10) NOT NULL,
  PRIMARY KEY (`ID`)
) ENGINE=InnoDB DEFAULT CHARSET=latin1 AUTO_INCREMENT=1 ;

-- --------------------------------------------------------

--
-- Table structure for table `ORDER_DETAILS`
--

CREATE TABLE IF NOT EXISTS `ORDER_DETAILS` (
  `CREATED_BY` varchar(60) NOT NULL DEFAULT '-1',
  `CREATED_DATE` date NOT NULL DEFAULT '0000-00-00',
  `LAST_UPDATE_BY` varchar(60) NOT NULL DEFAULT '-1',
  `LAST_UPDATE_DATE` timestamp NOT NULL DEFAULT CURRENT_TIMESTAMP ON UPDATE CURRENT_TIMESTAMP,
  `ID` int(10) NOT NULL AUTO_INCREMENT,
  `APPOINTMENT_ID` int(10) DEFAULT NULL,
  `BOOKING_EMPLOYEE_ID` int(10) DEFAULT NULL,
  `ORDER_TYPE_ID` int(10) NOT NULL,
  `CLIENT_ID` int(10) NOT NULL,
  `PRODUCT_ID` int(10) NOT NULL,
  `ORDER_QTY` int(10) NOT NULL,
  `ORDER_UOM` varchar(30) NOT NULL,
  `UNIT_PRICE` varchar(30) NOT NULL,
  `BOOKING_DATE` timestamp NOT NULL DEFAULT '0000-00-00 00:00:00',
  `DELIVERY_DUE_DATE` timestamp NOT NULL DEFAULT '0000-00-00 00:00:00',
  `SPECIAL_INSTRUCTIONS` varchar(1000) NOT NULL,
  `ORDER_COMMENTS` varchar(1000) NOT NULL,
  `FOLLOWUP_POINTS` varchar(1000) NOT NULL,
  `TRACKED_LOC_LNG` double(10,6) DEFAULT NULL,
  `TRACKED_LOC_LAT` double(10,6) DEFAULT NULL,
  PRIMARY KEY (`ID`),
  KEY `XFK_APPOINTMENT_ID` (`APPOINTMENT_ID`),
  KEY `XFK_BOOKING_EMP_ID` (`BOOKING_EMPLOYEE_ID`),
  KEY `XFK_ORDER_TYPE_ID` (`ORDER_TYPE_ID`),
  KEY `XFK_CLIENT_ID` (`CLIENT_ID`),
  KEY `XFK_PRODUCT_ID` (`PRODUCT_ID`)
) ENGINE=InnoDB  DEFAULT CHARSET=latin1 AUTO_INCREMENT=17 ;

--
-- Dumping data for table `ORDER_DETAILS`
--

INSERT INTO `ORDER_DETAILS` (`CREATED_BY`, `CREATED_DATE`, `LAST_UPDATE_BY`, `LAST_UPDATE_DATE`, `ID`, `APPOINTMENT_ID`, `BOOKING_EMPLOYEE_ID`, `ORDER_TYPE_ID`, `CLIENT_ID`, `PRODUCT_ID`, `ORDER_QTY`, `ORDER_UOM`, `UNIT_PRICE`, `BOOKING_DATE`, `DELIVERY_DUE_DATE`, `SPECIAL_INSTRUCTIONS`, `ORDER_COMMENTS`, `FOLLOWUP_POINTS`, `TRACKED_LOC_LNG`, `TRACKED_LOC_LAT`) VALUES
('-1', '2014-12-18', '-1', '2014-12-19 03:40:35', 8, NULL, 2, 7, 2, 4, 10, '23', '120', '2014-12-19 03:40:00', '2014-12-19 03:40:00', 'IMMEDIATE SHIPMENT', 'SAMPLE ORDER', 'TO SEND CATALOGUE', NULL, NULL),
('-1', '2014-12-18', '-1', '2014-12-19 09:34:48', 11, NULL, 20, 7, 6, 6, 10, 'EACH', '100', '2014-12-19 09:32:00', '2014-12-22 07:45:00', 'TYU', 'ASD', 'GHJK', NULL, NULL),
('-1', '2014-12-21', '-1', '2014-12-22 05:36:51', 13, NULL, 21, 8, 5, 6, 23, 'Each', '23', '2014-12-22 17:05:00', '2014-12-22 17:05:00', '', '', '', NULL, NULL),
('-1', '2014-12-21', '-1', '2014-12-22 05:38:33', 14, NULL, 21, 7, 4, 4, 80, 'EACH', '25', '2014-12-22 17:08:00', '2014-12-22 17:08:00', '', '', '', NULL, NULL),
('-1', '2014-12-22', '-1', '2014-12-22 06:45:20', 16, NULL, 21, 7, 6, 4, 1000, 'Each', '109', '2014-12-22 18:12:00', '2014-12-22 18:12:00', 'ONTIME Delivery', '', '', NULL, NULL);

-- --------------------------------------------------------

--
-- Table structure for table `ORDER_TYPES`
--

CREATE TABLE IF NOT EXISTS `ORDER_TYPES` (
  `CREATED_BY` varchar(60) NOT NULL DEFAULT '-1',
  `CREATED_DATE` date NOT NULL DEFAULT '0000-00-00',
  `LAST_UPDATE_BY` varchar(60) NOT NULL DEFAULT '-1',
  `LAST_UPDATE_DATE` timestamp NOT NULL DEFAULT CURRENT_TIMESTAMP ON UPDATE CURRENT_TIMESTAMP,
  `ID` int(10) NOT NULL AUTO_INCREMENT,
  `ORDER_TYPE` varchar(60) NOT NULL,
  `DESCRIPTION` varchar(240) DEFAULT NULL,
  PRIMARY KEY (`ID`)
) ENGINE=InnoDB  DEFAULT CHARSET=latin1 AUTO_INCREMENT=10 ;

--
-- Dumping data for table `ORDER_TYPES`
--

INSERT INTO `ORDER_TYPES` (`CREATED_BY`, `CREATED_DATE`, `LAST_UPDATE_BY`, `LAST_UPDATE_DATE`, `ID`, `ORDER_TYPE`, `DESCRIPTION`) VALUES
('-1', '2014-12-15', '-1', '2014-12-16 09:05:36', 4, '2014 WINTER', ''),
('-1', '2014-12-15', '-1', '2014-12-16 09:05:53', 5, '2014 WINTER', ''),
('-1', '2014-12-17', '-1', '2014-12-18 10:20:50', 6, 'RO', 'RETAIL ORDER'),
('-1', '2014-12-17', '-1', '2014-12-18 10:20:28', 7, 'DO', 'DISTRIBUTOR ORDER'),
('-1', '2014-12-17', '-1', '2014-12-18 10:21:47', 8, 'RSO', 'RETAIL RESTOCK'),
('-1', '2014-12-17', '-1', '2014-12-18 10:22:04', 9, 'DRO', 'DISTRIBUTOR REPEAT ORDER');

-- --------------------------------------------------------

--
-- Table structure for table `POS_RESTOCK_ORDER`
--

CREATE TABLE IF NOT EXISTS `POS_RESTOCK_ORDER` (
  `CREATED_BY` varchar(60) NOT NULL DEFAULT '-1',
  `CREATED_DATE` date NOT NULL DEFAULT '0000-00-00',
  `LAST_UPDATE_BY` varchar(60) NOT NULL DEFAULT '-1',
  `LAST_UPDATE_DATE` timestamp NOT NULL DEFAULT CURRENT_TIMESTAMP ON UPDATE CURRENT_TIMESTAMP,
  `ID` int(10) NOT NULL AUTO_INCREMENT,
  `BOOKING_EMPLOYEE_ID` int(10) DEFAULT NULL,
  `ORDER_TYPE_ID` int(10) NOT NULL,
  `CLIENT_ID` int(10) NOT NULL,
  `PRODUCT_ID` int(10) NOT NULL,
  `ORDER_QTY` int(10) NOT NULL,
  `ORDER_UOM` varchar(30) NOT NULL,
  `BOOKING_DATE` timestamp NOT NULL DEFAULT '0000-00-00 00:00:00',
  `CLOSE_DATE` timestamp NOT NULL DEFAULT '0000-00-00 00:00:00',
  `RESTOCK_DUE_DATE` timestamp NOT NULL DEFAULT '0000-00-00 00:00:00',
  `RESTOCK_COMMENTS` varchar(1000) DEFAULT NULL,
  PRIMARY KEY (`ID`),
  KEY `XFK_POS_EMP_ID` (`BOOKING_EMPLOYEE_ID`),
  KEY `XFK_POS_ORDER_TYPE_ID` (`ORDER_TYPE_ID`),
  KEY `XFK_POS_CLIENT_ID` (`CLIENT_ID`),
  KEY `XFK_POS_PRODUCT_ID` (`PRODUCT_ID`)
) ENGINE=InnoDB  DEFAULT CHARSET=latin1 AUTO_INCREMENT=9 ;

--
-- Dumping data for table `POS_RESTOCK_ORDER`
--

INSERT INTO `POS_RESTOCK_ORDER` (`CREATED_BY`, `CREATED_DATE`, `LAST_UPDATE_BY`, `LAST_UPDATE_DATE`, `ID`, `BOOKING_EMPLOYEE_ID`, `ORDER_TYPE_ID`, `CLIENT_ID`, `PRODUCT_ID`, `ORDER_QTY`, `ORDER_UOM`, `BOOKING_DATE`, `CLOSE_DATE`, `RESTOCK_DUE_DATE`, `RESTOCK_COMMENTS`) VALUES
('-1', '2014-12-17', '-1', '2014-12-18 09:57:58', 2, 17, 4, 2, 3, 25, '23', '2014-12-18 09:57:00', '2014-12-18 09:57:00', '2014-12-18 09:57:00', 'XZXDASD'),
('-1', '2014-12-18', '-1', '2014-12-19 04:03:58', 3, 17, 4, 3, 5, 10, '23', '2014-12-19 04:03:00', '2014-12-19 04:03:00', '2014-12-19 04:03:00', 'XZXDASD'),
('-1', '2014-12-18', '-1', '2014-12-19 09:52:36', 4, 19, 8, 4, 4, 21, 'GROSS', '2014-12-19 09:50:00', '2014-12-19 09:50:00', '2014-12-19 09:50:00', 'CLEAR ON CLOSE DATE'),
('-1', '2014-12-21', '-1', '2014-12-22 05:39:30', 5, 20, 8, 2, 5, 54, 'EACH', '2014-12-22 17:08:00', '2014-12-22 17:08:00', '2014-12-22 17:08:00', ''),
('-1', '2014-12-21', '-1', '2014-12-22 05:48:41', 6, 20, 7, 6, 4, 108, 'Each', '2014-12-22 17:19:00', '2014-12-22 17:19:00', '2014-12-22 17:19:00', 'Urgent ... New Year sales is coming up in few days.'),
('-1', '2015-01-10', '-1', '2015-01-10 15:10:25', 8, 19, 7, 4, 4, 10, '60', '2015-01-10 16:09:00', '2015-01-10 16:09:00', '2015-01-10 16:09:00', '');

-- --------------------------------------------------------

--
-- Table structure for table `PRODUCT_MASTER`
--

CREATE TABLE IF NOT EXISTS `PRODUCT_MASTER` (
  `CREATED_BY` varchar(60) NOT NULL DEFAULT '-1',
  `CREATED_DATE` date NOT NULL DEFAULT '0000-00-00',
  `LAST_UPDATE_BY` varchar(60) NOT NULL DEFAULT '-1',
  `LAST_UPDATE_DATE` timestamp NOT NULL DEFAULT CURRENT_TIMESTAMP ON UPDATE CURRENT_TIMESTAMP,
  `ID` int(10) NOT NULL AUTO_INCREMENT,
  `PRODUCT_NAME` varchar(60) NOT NULL,
  `PRODUCT_CODE` varchar(60) NOT NULL,
  `DESCRIPTION` varchar(240) DEFAULT NULL,
  PRIMARY KEY (`ID`)
) ENGINE=InnoDB  DEFAULT CHARSET=latin1 AUTO_INCREMENT=7 ;

--
-- Dumping data for table `PRODUCT_MASTER`
--

INSERT INTO `PRODUCT_MASTER` (`CREATED_BY`, `CREATED_DATE`, `LAST_UPDATE_BY`, `LAST_UPDATE_DATE`, `ID`, `PRODUCT_NAME`, `PRODUCT_CODE`, `DESCRIPTION`) VALUES
('-1', '2014-12-16', '-1', '2014-12-22 06:30:38', 3, 'NAPPY CHANGING', '2014-NC', 'NAPPY CHANGING'),
('-1', '2014-12-15', '-1', '2014-12-16 09:08:14', 4, 'BABY FROK', '2014-F-20-FROK', ''),
('-1', '2014-12-16', '-1', '2014-12-22 06:30:54', 5, 'DIAPERING', '2014-DIA', 'DIAPERING'),
('-1', '2014-12-18', '-1', '2014-12-19 09:05:23', 6, '2016 STYLE BOYS WINTOR PANTS', '2016-B-W-PANTS', '2016 STYLE BOYS WINTOR PANTS');

-- --------------------------------------------------------

--
-- Table structure for table `SYSTEM_USERS`
--

CREATE TABLE IF NOT EXISTS `SYSTEM_USERS` (
  `CREATED_BY` varchar(60) NOT NULL DEFAULT '-1',
  `CREATED_DATE` date NOT NULL DEFAULT '0000-00-00',
  `LAST_UPDATE_BY` varchar(60) NOT NULL DEFAULT '-1',
  `LAST_UPDATE_DATE` timestamp NOT NULL DEFAULT CURRENT_TIMESTAMP ON UPDATE CURRENT_TIMESTAMP,
  `ID` int(10) NOT NULL AUTO_INCREMENT,
  `USER_NAME` varchar(60) NOT NULL,
  `EMAIL_ID` varchar(120) NOT NULL,
  `PASSWORD` varchar(240) DEFAULT NULL,
  PRIMARY KEY (`ID`)
) ENGINE=InnoDB  DEFAULT CHARSET=latin1 AUTO_INCREMENT=4 ;

--
-- Dumping data for table `SYSTEM_USERS`
--

INSERT INTO `SYSTEM_USERS` (`CREATED_BY`, `CREATED_DATE`, `LAST_UPDATE_BY`, `LAST_UPDATE_DATE`, `ID`, `USER_NAME`, `EMAIL_ID`, `PASSWORD`) VALUES
('-1', '2014-12-15', '-1', '2014-12-16 06:02:07', 1, 'VINO23@GMAIL.COM', 'arun@gmail.com', '1234'),
('-1', '2014-12-18', '-1', '2014-12-19 08:57:32', 2, 'PETERFRANK', 'peter.franklin@gaddieltech.com', 'one123'),
('-1', '0000-00-00', '-1', '2015-01-05 13:23:53', 3, 'Vino23@gmail.com', 'vino111@gmail.com', 'vinoth23');

-- --------------------------------------------------------

--
-- Table structure for table `VISIT_PURPOSES`
--

CREATE TABLE IF NOT EXISTS `VISIT_PURPOSES` (
  `CREATED_BY` varchar(60) NOT NULL DEFAULT '-1',
  `CREATED_DATE` date NOT NULL DEFAULT '0000-00-00',
  `LAST_UPDATE_BY` varchar(60) NOT NULL DEFAULT '-1',
  `LAST_UPDATE_DATE` timestamp NOT NULL DEFAULT CURRENT_TIMESTAMP ON UPDATE CURRENT_TIMESTAMP,
  `ID` int(10) NOT NULL AUTO_INCREMENT,
  `PURPOSE_NAME` varchar(60) NOT NULL,
  `DESCRIPTION` varchar(240) DEFAULT NULL,
  PRIMARY KEY (`ID`)
) ENGINE=InnoDB  DEFAULT CHARSET=latin1 AUTO_INCREMENT=7 ;

--
-- Dumping data for table `VISIT_PURPOSES`
--

INSERT INTO `VISIT_PURPOSES` (`CREATED_BY`, `CREATED_DATE`, `LAST_UPDATE_BY`, `LAST_UPDATE_DATE`, `ID`, `PURPOSE_NAME`, `DESCRIPTION`) VALUES
('-1', '2014-12-16', '-1', '2014-12-22 05:22:09', 2, 'NEW ORDERS', ''),
('-1', '2014-12-16', '-1', '2014-12-22 05:22:40', 3, 'NEW DEVELOPMENT', ''),
('-1', '2014-12-17', '-1', '2014-12-18 10:18:27', 4, '2016 AOB', '2016 AUTUMN ORDER BOOKING'),
('-1', '2014-12-17', '-1', '2014-12-18 10:19:04', 5, '2016 RA', '2016 REORDER FOR AUTOMN '),
('-1', '2014-12-18', '-1', '2014-12-19 09:02:18', 6, '2016 WINTER COLLECTIONS', 'WINTER COLLECTIONS FOR 2016');

-- --------------------------------------------------------

--
-- Table structure for table `VISIT_REPORTS`
--

CREATE TABLE IF NOT EXISTS `VISIT_REPORTS` (
  `CREATED_BY` varchar(60) NOT NULL DEFAULT '-1',
  `CREATED_DATE` date NOT NULL DEFAULT '0000-00-00',
  `LAST_UPDATE_BY` varchar(60) NOT NULL DEFAULT '-1',
  `LAST_UPDATE_DATE` timestamp NOT NULL DEFAULT CURRENT_TIMESTAMP ON UPDATE CURRENT_TIMESTAMP,
  `ID` int(10) NOT NULL AUTO_INCREMENT,
  `SUBSCRIBER_ID` int(10) NOT NULL,
  `APNT_ID` int(10) DEFAULT NULL,
  `EMP_ID` int(10) NOT NULL,
  `CLIENT_ID` int(10) NOT NULL,
  `VISIT_DATE` timestamp NOT NULL DEFAULT '0000-00-00 00:00:00',
  `ADDL_EMAIL_ID` varchar(255) NOT NULL,
  `ATTENDEES` varchar(50) NOT NULL,
  `CLIENT_COMMENTS` varchar(1000) NOT NULL,
  `EMPLOYEE_COMMENTS` varchar(1000) DEFAULT NULL,
  `FOLLOWUP_POINTS` varchar(1000) DEFAULT NULL,
  `TRACKED_LOC_LAT` double(10,6) DEFAULT NULL,
  `TRACKED_LOC_LNG` double(10,6) DEFAULT NULL,
  PRIMARY KEY (`ID`),
  KEY `XFK_VISIT_APNT_ID` (`APNT_ID`),
  KEY `XFK_VISIT_EMP_ID` (`EMP_ID`),
  KEY `XFK_VISIT_CLIENT_ID` (`CLIENT_ID`)
) ENGINE=InnoDB  DEFAULT CHARSET=latin1 AUTO_INCREMENT=9 ;

--
-- Dumping data for table `VISIT_REPORTS`
--

INSERT INTO `VISIT_REPORTS` (`CREATED_BY`, `CREATED_DATE`, `LAST_UPDATE_BY`, `LAST_UPDATE_DATE`, `ID`, `SUBSCRIBER_ID`, `APNT_ID`, `EMP_ID`, `CLIENT_ID`, `VISIT_DATE`, `ADDL_EMAIL_ID`, `ATTENDEES`, `CLIENT_COMMENTS`, `EMPLOYEE_COMMENTS`, `FOLLOWUP_POINTS`, `TRACKED_LOC_LAT`, `TRACKED_LOC_LNG`) VALUES
('-1', '2014-12-17', '-1', '2014-12-18 10:34:16', 2, 0, 3, 2, 3, '2014-12-20 11:55:00', 'PETERFRANK01@YAHOO.COM', 'ARUN, BALU, VINOTH, PETER', 'A', 'B', 'VQ', NULL, NULL),
('-1', '2014-12-18', '-1', '2014-12-19 00:07:33', 3, 0, 3, 2, 3, '2014-12-19 00:05:00', 'ARUNBALU487@GMAIL.COM', '', 'GADDIEL IS A GLOBAL INFORMATION TECHNOLOGY (IT) COMPANY FOUNDED BY IT SERVICE PROFESSIONALS WITH DECADES OF DEEP SOFTWARE DEVELOPMENT, PRODUCT DESIGN, SOLUTION ARCHITECTURE AND BUSINESS INTELLIGENCE EXPERIENCE IN VARIED TECHNOLOGIES AND DOMAINS.RNRNOUR DELIVERY MODEL PROVIDES FOR AN INTEGRATED, HIGHLY FLEXIBLE MIX OF ON-SITE AND OFF-SITE DELIVERY OPTIONS TO HIGHLY VALUED CUSTOMERS.RNRNOUR COMPETENCIES IN DEFINING STRATEGY, CONSULTING AND VALUE ADDED SERVICES HELPS TO RESOLVE OUR CLIENTS’ BUSINESS PROBLEMS IN LESS TIME AT LESS COST WITHOUT COMPROMISING ON QUALITY.RNRNOUR VISION IS TO PROVIDE CONTINUOUS VALUE ADDITION TO OUR CLIENTS BY DELIVERING EXCELLENT BUSINESS SOLUTIONS AT LESS COST USING APPROPRIATE AND LATEST TECHNOLOGIES.RNRNOUR MISSION IS TO DEVELOP A FORTUNE OF SERVICES WITH BEST OF ROI TO OUR CLIENTS.', 'GADDIEL IS A GLOBAL INFORMATION TECHNOLOGY (IT) COMPANY FOUNDED BY IT SERVICE PROFESSIONALS WITH DECADES OF DEEP SOFTWARE DEVELOPMENT, PRODUCT DESIGN, SOLUTION ARCHITECTURE AND BUSINESS INTELLIGENCE EXPERIENCE IN VARIED TECHNOLOGIES AND DOMAINS.RNRNOUR DELIVERY MODEL PROVIDES FOR AN INTEGRATED, HIGHLY FLEXIBLE MIX OF ON-SITE AND OFF-SITE DELIVERY OPTIONS TO HIGHLY VALUED CUSTOMERS.RNRNOUR COMPETENCIES IN DEFINING STRATEGY, CONSULTING AND VALUE ADDED SERVICES HELPS TO RESOLVE OUR CLIENTS’ BUSINESS PROBLEMS IN LESS TIME AT LESS COST WITHOUT COMPROMISING ON QUALITY.RNRNOUR VISION IS TO PROVIDE CONTINUOUS VALUE ADDITION TO OUR CLIENTS BY DELIVERING EXCELLENT BUSINESS SOLUTIONS AT LESS COST USING APPROPRIATE AND LATEST TECHNOLOGIES.RNRNOUR MISSION IS TO DEVELOP A FORTUNE OF SERVICES WITH BEST OF ROI TO OUR CLIENTS.', 'GADDIEL IS A GLOBAL INFORMATION TECHNOLOGY (IT) COMPANY FOUNDED BY IT SERVICE PROFESSIONALS WITH DECADES OF DEEP SOFTWARE DEVELOPMENT, PRODUCT DESIGN, SOLUTION ARCHITECTURE AND BUSINESS INTELLIGENCE EXPERIENCE IN VARIED TECHNOLOGIES AND DOMAINS.RNRNOUR DELIVERY MODEL PROVIDES FOR AN INTEGRATED, HIGHLY FLEXIBLE MIX OF ON-SITE AND OFF-SITE DELIVERY OPTIONS TO HIGHLY VALUED CUSTOMERS.RNRNOUR COMPETENCIES IN DEFINING STRATEGY, CONSULTING AND VALUE ADDED SERVICES HELPS TO RESOLVE OUR CLIENTS’ BUSINESS PROBLEMS IN LESS TIME AT LESS COST WITHOUT COMPROMISING ON QUALITY.RNRNOUR VISION IS TO PROVIDE CONTINUOUS VALUE ADDITION TO OUR CLIENTS BY DELIVERING EXCELLENT BUSINESS SOLUTIONS AT LESS COST USING APPROPRIATE AND LATEST TECHNOLOGIES.RNRNOUR MISSION IS TO DEVELOP A FORTUNE OF SERVICES WITH BEST OF ROI TO OUR CLIENTS.', NULL, NULL),
('-1', '2014-12-18', '-1', '2014-12-19 09:18:11', 4, 0, 4, 20, 6, '2014-12-19 09:15:00', 'FORTUNE@GADDIELTECH.COM; GROWTH@GADDIELTECH.COM', 'VICTOR, THOMAS, KIRPA, VG', 'THIS IS FOR TESTING', 'BORING TESTING', 'TEST AGAIN', NULL, NULL),
('-1', '2014-12-21', '-1', '2014-12-22 05:35:22', 5, 0, 5, 2, 6, '2014-12-22 17:04:00', 'victor.a@gaddieltech.com', '', 'test', 'test', 'test', NULL, NULL),
('-1', '2014-12-21', '-1', '2014-12-22 05:43:14', 6, 0, 4, 20, 6, '2014-12-22 17:14:00', 'amuthan@yahoo.com; amuthan.amuthan@gmail.com', 'Amuthan, Bob, VG', 'We are happy with the product demo; But delivery timeline seems to be an issue.', 'Need to talk to the delivery head regarding this. ', 'Set up call with delivery head Mr.Patel on Monday. ', NULL, NULL),
('-1', '2015-01-10', '-1', '2015-01-10 15:15:12', 8, 0, 1, 2, 2, '2015-01-10 16:13:00', 'ramanan.venkat.v@gmail.com;peter.franklin@gaddieltech.com', '', 'Test visit report', 'visit report done.', 'a b cd  ', NULL, NULL);

-- --------------------------------------------------------

--
-- Table structure for table `VISIT_SCH_PERIODS`
--

CREATE TABLE IF NOT EXISTS `VISIT_SCH_PERIODS` (
  `CREATED_BY` varchar(60) NOT NULL DEFAULT '-1',
  `CREATED_DATE` date NOT NULL DEFAULT '0000-00-00',
  `LAST_UPDATE_BY` varchar(60) NOT NULL DEFAULT '-1',
  `LAST_UPDATE_DATE` timestamp NOT NULL DEFAULT CURRENT_TIMESTAMP ON UPDATE CURRENT_TIMESTAMP,
  `ID` int(10) NOT NULL AUTO_INCREMENT,
  `SCH_PERIOD` varchar(60) NOT NULL,
  `DESCRIPTION` varchar(240) DEFAULT NULL,
  PRIMARY KEY (`ID`)
) ENGINE=InnoDB  DEFAULT CHARSET=latin1 AUTO_INCREMENT=6 ;

--
-- Dumping data for table `VISIT_SCH_PERIODS`
--

INSERT INTO `VISIT_SCH_PERIODS` (`CREATED_BY`, `CREATED_DATE`, `LAST_UPDATE_BY`, `LAST_UPDATE_DATE`, `ID`, `SCH_PERIOD`, `DESCRIPTION`) VALUES
('-1', '2014-12-16', '-1', '2014-12-22 05:23:48', 2, 'MONTHLY', 'MONTHLY'),
('-1', '2014-12-17', '-1', '2014-12-18 10:19:40', 4, 'DAILY', 'DAILY'),
('-1', '2014-12-18', '-1', '2014-12-19 09:03:42', 5, 'WEEKLY', 'WEEKLY');

--
-- Constraints for dumped tables
--

--
-- Constraints for table `CLIENT_APPOINTMENTS`
--
ALTER TABLE `CLIENT_APPOINTMENTS`
  ADD CONSTRAINT `XFK_APPT_CLIENT_ID` FOREIGN KEY (`CLIENT_ID`) REFERENCES `CLIENT_DETAILS` (`ID`),
  ADD CONSTRAINT `XFK_APPT_EMP_ID` FOREIGN KEY (`EMPLOYEE_ID`) REFERENCES `EMP_DETAILS` (`ID`),
  ADD CONSTRAINT `XFK_APPT_PURPOSE_ID` FOREIGN KEY (`VISIT_PURPOSE_ID`) REFERENCES `VISIT_PURPOSES` (`ID`);

--
-- Constraints for table `CLIENT_CLASSIFICATION`
--
ALTER TABLE `CLIENT_CLASSIFICATION`
  ADD CONSTRAINT `XFK_CLIENT_CAT_ID` FOREIGN KEY (`CLIENT_CATEGORY_ID`) REFERENCES `CLIENT_CATEGORY` (`ID`),
  ADD CONSTRAINT `XFK_CLIENT_CLASS_ID` FOREIGN KEY (`CLIENT_CLASS_ID`) REFERENCES `CLIENT_CLASS` (`ID`);

--
-- Constraints for table `CLIENT_DETAILS`
--
ALTER TABLE `CLIENT_DETAILS`
  ADD CONSTRAINT `XFK_CLIENT_CLASFN_ID` FOREIGN KEY (`CLIENT_CLASSIFICATION_ID`) REFERENCES `CLIENT_CLASSIFICATION` (`ID`),
  ADD CONSTRAINT `XFK_VISIT_SCH_PERIOD_ID` FOREIGN KEY (`VISIT_SCH_PERIOD_ID`) REFERENCES `VISIT_SCH_PERIODS` (`ID`);

--
-- Constraints for table `CUSTOMER_ISSUES`
--
ALTER TABLE `CUSTOMER_ISSUES`
  ADD CONSTRAINT `XFK_ISSUE_CLIENT_ID` FOREIGN KEY (`CLIENT_ID`) REFERENCES `CLIENT_DETAILS` (`ID`),
  ADD CONSTRAINT `XFK_ISSUE_EMP_ID` FOREIGN KEY (`ASSIGNED_EMPLOYEE_ID`) REFERENCES `EMP_DETAILS` (`ID`);

--
-- Constraints for table `EMP_DETAILS`
--
ALTER TABLE `EMP_DETAILS`
  ADD CONSTRAINT `XFR_EMP_DEPT_ID` FOREIGN KEY (`DEPARTMENT_ID`) REFERENCES `DEPARTMENT` (`ID`),
  ADD CONSTRAINT `XFR_EMP_DESG_ID` FOREIGN KEY (`DESIGNATION_ID`) REFERENCES `DESIGNATION` (`ID`),
  ADD CONSTRAINT `XFR_MSG_DESG_ID` FOREIGN KEY (`MANAGER_DESG_ID`) REFERENCES `DESIGNATION` (`ID`);

--
-- Constraints for table `ORDER_DETAILS`
--
ALTER TABLE `ORDER_DETAILS`
  ADD CONSTRAINT `XFK_APPOINTMENT_ID` FOREIGN KEY (`APPOINTMENT_ID`) REFERENCES `CLIENT_APPOINTMENTS` (`ID`),
  ADD CONSTRAINT `XFK_BOOKING_EMP_ID` FOREIGN KEY (`BOOKING_EMPLOYEE_ID`) REFERENCES `EMP_DETAILS` (`ID`),
  ADD CONSTRAINT `XFK_CLIENT_ID` FOREIGN KEY (`CLIENT_ID`) REFERENCES `CLIENT_DETAILS` (`ID`),
  ADD CONSTRAINT `XFK_ORDER_TYPE_ID` FOREIGN KEY (`ORDER_TYPE_ID`) REFERENCES `ORDER_TYPES` (`ID`),
  ADD CONSTRAINT `XFK_PRODUCT_ID` FOREIGN KEY (`PRODUCT_ID`) REFERENCES `PRODUCT_MASTER` (`ID`);

--
-- Constraints for table `POS_RESTOCK_ORDER`
--
ALTER TABLE `POS_RESTOCK_ORDER`
  ADD CONSTRAINT `XFK_POS_CLIENT_ID` FOREIGN KEY (`CLIENT_ID`) REFERENCES `CLIENT_DETAILS` (`ID`),
  ADD CONSTRAINT `XFK_POS_EMP_ID` FOREIGN KEY (`BOOKING_EMPLOYEE_ID`) REFERENCES `EMP_DETAILS` (`ID`),
  ADD CONSTRAINT `XFK_POS_ORDER_TYPE_ID` FOREIGN KEY (`ORDER_TYPE_ID`) REFERENCES `ORDER_TYPES` (`ID`),
  ADD CONSTRAINT `XFK_POS_PRODUCT_ID` FOREIGN KEY (`PRODUCT_ID`) REFERENCES `PRODUCT_MASTER` (`ID`);

--
-- Constraints for table `VISIT_REPORTS`
--
ALTER TABLE `VISIT_REPORTS`
  ADD CONSTRAINT `XFK_VISIT_APNT_ID` FOREIGN KEY (`APNT_ID`) REFERENCES `CLIENT_APPOINTMENTS` (`ID`),
  ADD CONSTRAINT `XFK_VISIT_CLIENT_ID` FOREIGN KEY (`CLIENT_ID`) REFERENCES `CLIENT_DETAILS` (`ID`),
  ADD CONSTRAINT `XFK_VISIT_EMP_ID` FOREIGN KEY (`EMP_ID`) REFERENCES `EMP_DETAILS` (`ID`);

/*!40101 SET CHARACTER_SET_CLIENT=@OLD_CHARACTER_SET_CLIENT */;
/*!40101 SET CHARACTER_SET_RESULTS=@OLD_CHARACTER_SET_RESULTS */;
/*!40101 SET COLLATION_CONNECTION=@OLD_COLLATION_CONNECTION */;
